Country_name,Confirmed,Deaths
Afghanistan,155688,7238
Albania,177108,2807
Algeria,205106,5867
Andorra,15338,130
Angola,62606,1660
Antigua and Barbuda,3858,93
Argentina,5271361,115660
Armenia,278431,5713
Australia,1538,11
Australia,71099,514
Australia,224,0
Australia,2071,7
Australia,914,4
Australia,237,13
Australia,63836,957
Australia,1112,9
Austria,771143,11151
Azerbaijan,498630,6734
Bahamas,21580,590
Bahrain,275975,1391
Bangladesh,1564881,27746
Barbados,12427,109
Belarus,567938,4369
Belgium,168222,0
Belgium,173552,0
Belgium,143363,0
Belgium,103133,0
Belgium,176918,0
Belgium,155428,0
Belgium,70998,0
Belgium,35668,0
Belgium,65719,0
Belgium,25210,25747
Belgium,50031,0
Belgium,111627,0
Belize,23990,461
Benin,24560,161
Bhutan,2617,3
Bolivia,506150,18824
Bosnia and Herzegovina,243914,11110
Botswana,181856,2386
Brazil,88001,1842
Brazil,239166,6253
Brazil,123226,1987
Brazil,427103,13754
Brazil,1239293,26957
Brazil,941903,24349
Brazil,509543,10681
Brazil,597376,12738
Brazil,884775,23920
Brazil,358548,10210
Brazil,539461,13630
Brazil,375047,9619
Brazil,2164781,55106
Brazil,594724,16702
Brazil,443505,9364
Brazil,1533803,39747
Brazil,625561,19877
Brazil,322556,7058
Brazil,370418,7361
Brazil,1451864,35151
Brazil,1305919,67457
Brazil,267379,6550
Brazil,126300,2016
Brazil,1204332,19475
Brazil,4388031,151017
Brazil,278290,6020
Brazil,226571,3828
Brunei,10251,68
Bulgaria,537752,22188
Burkina Faso,14657,203
Burma,485646,18297
Burundi,19555,38
Cabo Verde,38006,347
Cambodia,116140,2610
Cameroon,98402,1550
Canada,314252,2946
Canada,196433,2055
Canada,0,1
Canada,13,0
Canada,61987,1230
Canada,5669,84
Canada,1881,13
Canada,1638,9
Canada,7077,98
Canada,671,4
Canada,602162,9861
Canada,309,0
Canada,417831,11437
Canada,13,0
Canada,73662,773
Canada,837,10
Central African Republic,11469,100
Chad,5067,174
Chile,61962,1252
Chile,98596,1514
Chile,27591,535
Chile,27567,356
Chile,8401,79
Chile,152148,2693
Chile,49188,1029
Chile,89317,1408
Chile,49543,696
Chile,29256,499
Chile,102532,1784
Chile,699562,19260
Chile,36287,646
Chile,69238,1556
Chile,41910,810
Chile,49,0
Chile,124400,3477
China,1008,6
China,1127,9
China,603,6
China,1294,1
China,199,2
China,3199,8
China,317,2
China,147,2
China,190,6
China,1318,7
China,1711,13
China,1550,22
China,12285,213
China,68303,4512
China,1191,4
China,422,1
China,1600,0
China,937,1
China,577,3
China,462,2
China,77,0
China,77,0
China,18,0
China,679,3
China,957,7
China,2666,7
China,260,0
China,1214,3
China,500,3
China,1,0
China,0,0
China,981,3
China,1538,2
China,1456,1
Colombia,6828,255
Colombia,751118,16196
Colombia,13449,461
Colombia,325444,9502
Colombia,157131,2975
Colombia,105503,2556
Colombia,100528,2265
Colombia,1452194,27519
Colombia,22892,937
Colombia,35582,927
Colombia,55986,1545
Colombia,89403,2496
Colombia,16405,398
Colombia,104020,3739
Colombia,264040,6809
Colombia,2296,29
Colombia,5137,96
Colombia,88331,3142
Colombia,42745,1342
Colombia,95275,3339
Colombia,89485,2267
Colombia,89691,3024
Colombia,91339,4284
Colombia,16363,668
Colombia,56457,1744
Colombia,87749,2226
Colombia,6917,136
Colombia,225698,7299
Colombia,59149,1623
Colombia,107462,3662
Colombia,0,296
Colombia,409381,12969
Colombia,1753,17
Colombia,2938,53
Comoros,4184,147
Congo (Brazzaville),15514,222
Congo (Kinshasa),57269,1089
Costa Rica,551144,6797
Cote d'Ivoire,60982,674
Croatia,424666,8862
Cuba,930822,8018
Cyprus,121995,560
Czechia,1705971,30528
Denmark,1332,2
Denmark,654,0
Denmark,367307,2679
Diamond Princess,712,13
Djibouti,13377,179
Dominica,4153,28
Dominican Republic,368830,4082
Ecuador,513026,32899
Egypt,316711,17884
El Salvador,110188,3447
Equatorial Guinea,12840,156
Eritrea,6767,44
Estonia,170159,1415
Eswatini,46359,1233
Ethiopia,358345,6169
Fiji,51701,663
Finland,149897,1116
France,43255,293
France,45439,633
France,53836,800
France,42269,656
France,20439,181
France,9861,231
France,54024,370
France,1658,6
France,32,0
France,3878,55
France,454,7
France,6905628,114921
Gabon,33442,213
Gambia,9946,339
Georgia,652677,9396
Germany,595953,10823
Germany,759801,15858
Germany,213337,3664
Germany,119241,3870
Germany,34289,522
Germany,94217,1762
Germany,341852,7797
Germany,50816,1212
Germany,308828,6028
Germany,980223,18016
Germany,185965,4040
Germany,48575,1060
Germany,306571,10250
Germany,106964,3564
Germany,78087,1703
Germany,140779,4436
Germany,1335,0
Ghana,128368,1158
Greece,689896,15317
Grenada,5721,192
Guatemala,586318,14236
Guinea,30572,385
Guinea-Bissau,6129,141
Guyana,34240,862
Haiti,22827,649
Holy See,27,0
Honduras,371861,10083
Hungary,833115,30351
Iceland,12455,33
India,7641,129
India,2059708,14295
India,54964,280
India,605944,5939
India,726021,9661
India,65297,820
India,1005624,13570
India,10675,4
India,1439337,25089
India,177410,3339
India,826258,10086
India,771049,10049
India,221203,3717
India,330885,4426
India,348415,5135
India,2982869,37931
India,4838811,26734
India,20871,208
India,10365,51
India,792675,10523
India,6588429,139734
India,122545,1893
India,82815,1432
India,111651,380
India,31547,674
India,1034276,8279
India,127296,1849
India,601992,16540
India,954383,8954
India,31739,391
India,2684641,35869
India,668722,3936
India,84299,816
India,0,0
India,1710014,22897
India,343739,7397
India,1579463,18953
Indonesia,4233014,142889
Iran,5765904,123695
Iraq,2032660,22713
Ireland,411554,5306
Israel,1314213,7976
Italy,81827,2551
Italy,30510,622
Italy,85452,1429
Italy,460291,8003
Italy,427386,13528
Italy,114724,3831
Italy,388437,8707
Italy,113643,4417
Italy,888068,34112
Italy,114813,3085
Italy,14562,498
Italy,77652,1199
Italy,48753,1375
Italy,381471,11785
Italy,270233,6815
Italy,75810,1658
Italy,302919,6933
Italy,285429,7225
Italy,64231,1456
Italy,12233,474
Italy,474038,11800
Jamaica,86986,2072
Japan,106330,1152
Japan,1893,27
Japan,5866,38
Japan,100172,1015
Japan,5300,82
Japan,3098,37
Japan,74312,619
Japan,9473,175
Japan,18664,217
Japan,16712,175
Japan,21912,199
Japan,60546,1469
Japan,78297,1392
Japan,24359,218
Japan,7939,130
Japan,3487,53
Japan,4695,38
Japan,9092,67
Japan,168677,1295
Japan,4132,32
Japan,14367,136
Japan,35847,289
Japan,14734,164
Japan,16299,118
Japan,6136,41
Japan,8824,96
Japan,6060,73
Japan,15534,150
Japan,7972,61
Japan,8192,84
Japan,15212,136
Japan,50088,362
Japan,201606,3020
Japan,4342,4
Japan,5820,29
Japan,115480,1022
Japan,12357,102
Japan,1649,5
Japan,26735,209
Japan,15422,116
Japan,3280,65
Japan,377104,3076
Japan,1662,5
Japan,4852,51
Japan,8,0
Japan,5284,62
Japan,3555,57
Japan,5673,92
Japan,5151,29
Jordan,839544,10859
Kazakhstan,992488,16618
Kenya,251803,5210
Kiribati,2,0
"Korea, South",340978,2644
Kosovo,160515,2973
Kuwait,412258,2455
Kyrgyzstan,179681,2629
Laos,31188,36
Latvia,180440,2869
Lebanon,632781,8413
Lesotho,21524,655
Liberia,5803,286
Libya,349210,4860
Liechtenstein,3584,60
Lithuania,363630,5376
Luxembourg,79720,839
MS Zaandam,9,2
Madagascar,43616,960
Malawi,61709,2292
Malaysia,209105,3485
Malaysia,142675,1921
Malaysia,130100,944
Malaysia,61921,875
Malaysia,99932,1211
Malaysia,72248,628
Malaysia,110985,1007
Malaysia,4884,97
Malaysia,139326,1511
Malaysia,208917,2389
Malaysia,229745,1075
Malaysia,696547,9511
Malaysia,64401,414
Malaysia,0,0
Malaysia,189654,2530
Malaysia,9995,149
Malaysia,6598,23
Maldives,85977,237
Mali,15577,555
Malta,37437,459
Marshall Islands,4,0
Mauritania,36591,787
Mauritius,16621,129
Mexico,35058,2809
Mexico,64303,9555
Mexico,55695,2342
Mexico,23534,2012
Mexico,22810,2246
Mexico,66866,8012
Mexico,961372,39606
Mexico,91304,7296
Mexico,32700,1955
Mexico,48129,3002
Mexico,182459,12335
Mexico,75646,6032
Mexico,61319,7665
Mexico,158452,16646
Mexico,369995,43520
Mexico,72258,7864
Mexico,49467,4656
Mexico,33528,2728
Mexico,201310,12771
Mexico,79850,5366
Mexico,122413,14953
Mexico,95604,5425
Mexico,58843,4011
Mexico,101585,6511
Mexico,72725,8592
Mexico,110059,8326
Mexico,139607,5353
Mexico,99866,6623
Mexico,28956,2918
Mexico,0,0
Mexico,120850,14179
Mexico,72120,5394
Mexico,41177,3305
Micronesia,1,0
Moldova,313849,7172
Monaco,3357,35
Mongolia,336508,1527
Montenegro,137046,2018
Morocco,941446,14533
Mozambique,151080,1925
Namibia,128239,3538
Nepal,804516,11277
Netherlands,15702,170
Netherlands,2312,20
Netherlands,16899,171
Netherlands,40382,359
Netherlands,45528,253
Netherlands,55382,489
Netherlands,226129,2108
Netherlands,51862,269
Netherlands,135197,1706
Netherlands,317739,3181
Netherlands,349131,2740
Netherlands,132399,1167
Netherlands,4439,71
Netherlands,6606,15
Netherlands,158307,1306
Netherlands,35089,259
Netherlands,486586,4385
New Zealand,1,0
New Zealand,4939,28
Nicaragua,15737,206
Niger,6143,204
Nigeria,208797,2769
North Macedonia,196376,6901
Norway,195808,884
Oman,304025,4103
Pakistan,34385,740
Pakistan,33114,352
Pakistan,10366,186
Pakistan,106402,937
Pakistan,176650,5679
Pakistan,437572,12833
Pakistan,465175,7525
Palau,8,0
Panama,469998,7288
Papua New Guinea,24041,266
Paraguay,460322,16209
Peru,31666,1255
Peru,77443,6658
Peru,26185,1505
Peru,115036,9665
Peru,33883,2107
Peru,65850,4125
Peru,100929,9962
Peru,73659,4766
Peru,16178,1154
Peru,35589,2692
Peru,58929,8346
Peru,86260,7004
Peru,88380,10174
Peru,61556,8601
Peru,953897,88554
Peru,45071,4174
Peru,13872,768
Peru,29627,1514
Peru,15809,1046
Peru,87862,11963
Peru,40268,4138
Peru,48680,3000
Peru,29823,1950
Peru,18814,1563
Peru,32102,3091
Peru,0,0
Philippines,2705792,40424
Poland,2933834,76067
Portugal,1078729,18078
Qatar,237798,608
Romania,1430475,41130
Russia,20438,487
Russia,82018,4530
Russia,22107,380
Russia,37395,466
Russia,94135,1221
Russia,62346,1797
Russia,75488,2053
Russia,57327,1233
Russia,69677,1627
Russia,60503,1907
Russia,23678,658
Russia,101990,3788
Russia,2093,18
Russia,35460,2501
Russia,53653,2630
Russia,22497,348
Russia,114873,4999
Russia,51859,1705
Russia,8579,275
Russia,33227,845
Russia,58997,814
Russia,31336,633
Russia,50283,776
Russia,20332,393
Russia,26330,689
Russia,69424,922
Russia,59314,1379
Russia,88426,850
Russia,40879,1204
Russia,78188,1178
Russia,59982,560
Russia,74037,1878
Russia,35791,836
Russia,77335,6737
Russia,122081,6163
Russia,35683,748
Russia,61236,1522
Russia,73103,2503
Russia,57018,1830
Russia,11321,268
Russia,20702,634
Russia,29565,621
Russia,1706129,30021
Russia,475122,8329
Russia,75231,2188
Russia,2504,50
Russia,179105,7117
Russia,24050,661
Russia,46811,466
Russia,66306,3174
Russia,90123,2314
Russia,48880,1024
Russia,82902,2244
Russia,74713,3095
Russia,109583,5297
Russia,72180,1202
Russia,53406,839
Russia,146499,7240
Russia,44618,1243
Russia,657228,22765
Russia,57673,1326
Russia,33847,330
Russia,115345,4246
Russia,93974,3443
Russia,53730,1822
Russia,91293,3487
Russia,147139,6935
Russia,45545,990
Russia,28349,830
Russia,45195,576
Russia,56822,3198
Russia,70792,1731
Russia,65661,2092
Russia,27509,282
Russia,57598,2330
Russia,88235,2784
Russia,57913,2073
Russia,97586,3130
Russia,72931,2039
Russia,142577,4624
Russia,52090,714
Russia,64822,1283
Russia,72028,1242
Rwanda,99067,1313
Saint Kitts and Nevis,2525,21
Saint Lucia,12129,232
Saint Vincent and the Grenadines,4096,38
Samoa,3,0
San Marino,5473,91
Sao Tome and Principe,3670,56
Saudi Arabia,547845,8758
Senegal,73859,1871
Serbia,1037707,8996
Seychelles,21854,119
Sierra Leone,6396,121
Singapore,141772,215
Slovakia,433709,12816
Slovenia,306064,4631
Solomon Islands,20,0
Somalia,21269,1180
South Africa,2915560,88562
South Sudan,12184,130
Spain,804840,11225
Spain,161811,3863
Spain,71073,2070
Spain,99982,969
Spain,512151,7793
Spain,96069,1004
Spain,46528,608
Spain,239232,6484
Spain,300172,7330
Spain,923748,15797
Spain,7578,128
Spain,102908,2000
Spain,186989,2643
Spain,39564,823
Spain,894546,16159
Spain,11047,109
Spain,141558,1742
Spain,82830,1250
Spain,261760,4977
Spain,0,0
Sri Lanka,530421,13449
Sudan,39416,2976
Summer Olympics 2020,865,0
Suriname,46132,1007
Sweden,13444,130
Sweden,28628,355
Sweden,37306,562
Sweden,4571,54
Sweden,43191,328
Sweden,13168,128
Sweden,45581,561
Sweden,25447,250
Sweden,23562,324
Sweden,27782,291
Sweden,34220,352
Sweden,44671,657
Sweden,165296,1785
Sweden,27353,482
Sweden,277200,4459
Sweden,42584,547
Sweden,21505,223
Sweden,25944,196
Sweden,27625,481
Sweden,30019,363
Sweden,202836,2428
Switzerland,854591,11158
Syria,38365,2382
Taiwan*,16325,846
Tajikistan,17484,125
Tanzania,26034,724
Thailand,1762190,18123
Timor-Leste,19703,119
Togo,25865,238
Trinidad and Tobago,53689,1584
Tunisia,710673,25082
Turkey,7601596,67225
US,9883,146
US,37044,538
US,3553,74
US,4216,86
US,10081,174
US,1517,44
US,3239,94
US,22125,469
US,5558,142
US,2994,57
US,6580,160
US,866,27
US,4726,81
US,2397,67
US,2459,58
US,9176,188
US,8781,200
US,1853,51
US,1777,38
US,6672,179
US,2433,75
US,15297,290
US,8856,180
US,4854,199
US,12554,258
US,15038,284
US,6725,127
US,19739,496
US,2905,79
US,5927,105
US,4558,126
US,1255,44
US,3087,87
US,3105,65
US,17288,405
US,9776,177
US,113960,1904
US,2154,46
US,14125,294
US,4252,117
US,23122,240
US,15178,198
US,1731,61
US,2306,62
US,51923,685
US,3339,89
US,4952,126
US,18238,298
US,72175,1321
US,3299,62
US,33919,719
US,20620,370
US,0,0
US,1380,40
US,3135,81
US,4716,105
US,3247,63
US,6247,58
US,37240,339
US,15897,337
US,1311,38
US,13692,271
US,7032,195
US,34902,599
US,0,0
US,11069,364
US,2508,51
US,1670,38
US,4461,101
US,435,3
US,922,1
US,53032,299
US,5630,25
US,0,0
US,432,0
US,1051,5
US,518,1
US,258,1
US,735,5
US,14633,72
US,228,0
US,3615,9
US,10068,48
US,1604,8
US,2375,7
US,1961,6
US,20240,84
US,1251,1
US,2510,6
US,1578,6
US,293,3
US,486,5
US,1154,5
US,73,0
US,1136,9
US,510,1
US,0,0
US,144,0
US,232,2
US,663,5
US,3,0
US,13462,482
US,15120,331
US,22208,353
US,9297,248
US,7254,113
US,1029,16
US,3099,97
US,717366,11816
US,32406,956
US,20447,609
US,0,0
US,139324,2664
US,71224,1051
US,8902,193
US,0,0
US,27209,665
US,41147,897
US,3444,59
US,3147,48
US,5762,175
US,41546,591
US,6153,126
US,1942,41
US,590,7
US,4251,73
US,2006,44
US,3180,54
US,2679,66
US,3657,89
US,1397,32
US,3356,72
US,3119,43
US,21295,241
US,10584,171
US,8702,166
US,2920,64
US,1128,19
US,1884,32
US,2856,54
US,19335,219
US,2702,51
US,1673,62
US,15841,382
US,2861,47
US,9954,121
US,2896,38
US,7525,105
US,2392,35
US,6232,156
US,2489,54
US,4140,42
US,12276,227
US,4552,55
US,839,26
US,3229,56
US,2072,48
US,3637,57
US,1996,71
US,3583,42
US,11814,174
US,2455,37
US,2114,57
US,6376,116
US,8222,137
US,1186,24
US,1108,44
US,1342,38
US,1165,36
US,3380,83
US,1501,21
US,3171,76
US,1686,35
US,4866,98
US,2961,108
US,11839,153
US,1274,29
US,58220,896
US,3272,55
US,18366,241
US,1704,29
US,1237,24
US,22063,365
US,3805,50
US,2808,66
US,4771,66
US,1690,41
US,5109,0
US,5668,135
US,2166,39
US,44127,468
US,13037,189
US,1079,24
US,4607,77
US,119887,1372
US,102,0
US,5372,64
US,23364,260
US,3817,80
US,3017,18
US,99234,982
US,3561,41
US,16960,149
US,144123,2051
US,4303,30
US,9102,108
US,35642,764
US,1967,39
US,144146,1605
US,32369,314
US,6506,104
US,7463,46
US,1475694,26398
US,23518,281
US,17581,243
US,1273,15
US,7527,86
US,41781,577
US,669,8
US,1644,5
US,50696,582
US,12808,100
US,9039,90
US,322741,5518
US,0,0
US,38902,415
US,1575,6
US,369344,4990
US,157621,2279
US,7373,72
US,356315,5566
US,363644,4159
US,54031,645
US,101807,1708
US,29653,329
US,53828,622
US,44836,521
US,144518,1890
US,20861,218
US,23360,334
US,176,0
US,4427,42
US,45761,334
US,40711,402
US,85157,1315
US,13775,169
US,9298,104
US,860,11
US,78945,951
US,6739,93
US,186,0
US,100524,1164
US,20147,247
US,9942,82
US,73358,819
US,2329,43
US,77101,824
US,1429,4
US,415,5
US,1675,23
US,29863,248
US,6476,80
US,2172,30
US,172,7
US,748,5
US,970,32
US,364,10
US,2357,22
US,343,6
US,3791,80
US,88868,923
US,225,2
US,38986,290
US,8140,31
US,97085,1062
US,2597,22
US,8062,84
US,7636,60
US,416,3
US,2103,13
US,1803,10
US,54,0
US,602,19
US,101,0
US,60831,892
US,145,4
US,932,14
US,5569,53
US,997,1
US,37381,292
US,1730,21
US,1283,7
US,4579,79
US,22938,312
US,124,1
US,1905,39
US,2927,36
US,5111,82
US,3264,98
US,2557,78
US,422,5
US,0,0
US,1316,8
US,501,14
US,3077,5
US,1569,28
US,23954,470
US,920,8
US,1437,21
US,3245,23
US,656,8
US,95,1
US,1158,4
US,300,4
US,4688,11
US,2701,25
US,98,0
US,601,15
US,44381,430
US,1181,18
US,111615,2294
US,97087,2574
US,16861,322
US,14731,393
US,104308,2227
US,27028,488
US,11159,198
US,1347,9
US,12987,213
US,25121,425
US,79540,987
US,34345,609
US,374,0
US,49,0
US,62976,1183
US,39469,285
US,5979,62
US,32417,394
US,5332,58
US,80873,914
US,357110,3079
US,3003,45
US,23191,437
US,20360,463
US,33695,352
US,57827,551
US,14855,170
US,6868,97
US,2939,24
US,165223,1483
US,56986,706
US,14356,114
US,2258,20
US,8612,99
US,3132,44
US,1433,19
US,2984,45
US,2728,25
US,6050,45
US,7933,87
US,28487,482
US,15909,366
US,240451,1832
US,3855,49
US,22147,306
US,10108,158
US,2470,28
US,2186,26
US,54432,663
US,126320,1009
US,51157,332
US,6934,56
US,1816,16
US,3601,45
US,65237,689
US,56490,996
US,20194,335
US,674857,6472
US,10789,52
US,15385,127
US,34414,367
US,7424,89
US,228543,1310
US,71806,529
US,225870,2883
US,79003,802
US,135454,1671
US,127969,1387
US,12732,160
US,32425,291
US,56497,844
US,62117,516
US,40676,221
US,47634,657
US,14480,284
US,9181,140
US,4577,48
US,2961,20886
US,3057,74
US,75476,846
US,6362,56
US,12719,89
US,4552,52
US,3449,102
US,1555,32
US,2479,55
US,367,14
US,6605,179
US,2693,59
US,14505,188
US,20201,329
US,3178,99
US,3458,61
US,25160,603
US,2284,68
US,3098,80
US,2402,67
US,6223,63
US,11119,185
US,3711,79
US,4623,107
US,823,20
US,7832,90
US,1554,85
US,16235,296
US,9313,100
US,2224,54
US,38189,655
US,5724,17
US,4500,99
US,42949,438
US,19863,171
US,312,4
US,38797,688
US,1458,35
US,107875,1341
US,7756,218
US,7334,175
US,24539,278
US,3577,58
US,20559,340
US,1118,41
US,3118,106
US,2107,19
US,4605,66
US,90367,1268
US,4727,95
US,3563,122
US,1636,54
US,12270,401
US,22051,277
US,1817,57
US,714,11
US,8728,155
US,3187,84
US,4390,117
US,1609,51
US,3718,101
US,12984,220
US,18091,353
US,33340,257
US,3894,77
US,130608,1700
US,4566,128
US,411,20
US,15245,329
US,11127,187
US,3581,86
US,2664,69
US,131649,1408
US,7250,195
US,37376,614
US,1121,80
US,3750,111
US,3682,83
US,3460,64
US,1460,33
US,37585,475
US,24717,364
US,1412,37
US,14575,201
US,2105,57
US,2919,56
US,2644,82
US,1183,55
US,1537,60
US,3392,88
US,3375,87
US,1458,15
US,8994,233
US,4615,79
US,7449,107
US,1168,32
US,1711,22
US,21053,297
US,4732,97
US,1314,40
US,4910,72
US,955,36
US,3474,72
US,1695,29
US,2941,107
US,1197,20
US,3325,98
US,4111,141
US,1501,39
US,3106,40
US,7374,130
US,23666,606
US,16084,329
US,5584,78
US,2140,38
US,42888,963
US,24825,315
US,4008,94
US,5473,110
US,4211,100
US,3770,67
US,8382,146
US,1506,57
US,3193,80
US,253,4
US,2473,58
US,990,40
US,34658,658
US,11252,228
US,635,7
US,1782,57
US,1493,24
US,10188,281
US,4687,102
US,1510,28
US,4097,128
US,726,25
US,168,3
US,3773,103
US,1254,36
US,2211,67
US,1210,56
US,7625,173
US,8267,172
US,5375,167
US,1755,79
US,1226,46
US,10755,299
US,1682,48
US,1070,59
US,4619,8
US,3495,120
US,5371,165
US,10976,135
US,14807,331
US,7284,240
US,760,23
US,3195,112
US,5775,166
US,254,6
US,945,33
US,4755,122
US,22275,327
US,1264,53
US,1532,34
US,1486,42
US,3027,87
US,103,3
US,16795,222
US,10607,110
US,56800,647
US,2455,8
US,9700,92
US,2548,5
US,0,0
US,77257,718
US,492,9
US,12770,168
US,640,13
US,1108,19
US,6450,106
US,2930,23
US,709,8
US,5087,83
US,19003,207
US,1317,24
US,330,3
US,106,1
US,39695,467
US,956,17
US,3700,34
US,77,0
US,1585,25
US,354,5
US,3862,42
US,1534,22
US,1455,16
US,2659,54
US,2204,40
US,2012,31
US,3890,42
US,4155,44
US,26976,356
US,4356,30
US,786,16
US,724,19
US,658,12
US,8410,35
US,3044,44
US,5947,91
US,511,6
US,1549,39
US,3845,57
US,988,13
US,1848,57
US,1590,5
US,15313,199
US,2,0
US,1403,10
US,1793,41
US,13072,152
US,713,12
US,2550,24
US,7875,83
US,1058,9
US,4411,89
US,686,2
US,2356,38
US,2647,30
US,26859,196
US,5303,82
US,2649,39
US,2573,54
US,7095,102
US,7843,121
US,631261,11168
US,3308,30
US,1885,26
US,2042,30
US,12078,133
US,3247,37
US,107465,1374
US,2552,49
US,1025,18
US,6554,99
US,4289,64
US,2422,59
US,7276,114
US,5216,74
US,784,8
US,2045,40
US,7317,86
US,1333,22
US,2719,35
US,594,16
US,696,14
US,6598,76
US,4181,77
US,8065,94
US,1605,21
US,6492,142
US,3342,53
US,2145,29
US,2238,31
US,68004,866
US,17795,247
US,16104,113
US,7197,169
US,14954,285
US,79526,1076
US,3299,32
US,4769,60
US,5946,97
US,4925,74
US,15222,250
US,6893,104
US,39883,590
US,6871,143
US,1409,21
US,2116,52
US,2137,48
US,3723,60
US,34415,322
US,22871,216
US,1710,13
US,2022,35
US,5236,100
US,4876,80
US,5038,99
US,2288,33
US,7524,87
US,9,0
US,26749,368
US,4303,75
US,2006,14
US,2626,58
US,544,6
US,1037,11
US,560,4
US,5523,99
US,2784,57
US,18699,358
US,4317,69
US,25613,284
US,1064,10
US,711,6
US,3431,47
US,36147,591
US,809,28
US,5775,92
US,20525,330
US,158,2433
US,3054,48
US,14202,198
US,2166,19
US,2427,65
US,2114,28
US,2999,61
US,2785,33
US,8247,181
US,90698,1118
US,11998,174
US,40745,559
US,5735,92
US,4727,73
US,57160,791
US,11447,179
US,1501,17
US,1878,40
US,8819,115
US,1440,47
US,2582,32
US,7462,119
US,18383,248
US,4184,60
US,5671,71
US,1581,22
US,4596,112
US,6237,96
US,8154,92
US,4118,101
US,14931,256
US,8210,129
US,35546,503
US,4021,86
US,10983,214
US,3318,58
US,2627,42
US,3045,66
US,6480,113
US,9898,217
US,4211,96
US,45963,460
US,11597,175
US,6415,91
US,23647,353
US,8107,150
US,14574,286
US,6302,99
US,6917,88
US,5204,75
US,2784,45
US,5046,95
US,3832,60
US,24821,440
US,6269,105
US,12166,147
US,3520,78
US,14987,249
US,65823,1151
US,7379,168
US,18538,404
US,134326,2101
US,7786,134
US,1373,19
US,5865,95
US,15117,197
US,6184,109
US,9361,176
US,1556,48
US,7944,106
US,840,12
US,2905,62
US,3101,69
US,2297,26
US,2644,52
US,2273,43
US,22735,362
US,3742,43
US,1811,55
US,5734,77
US,3399,99
US,4924,85
US,2572,32
US,4339,68
US,7115,114
US,3364,42
US,43954,607
US,3108,68
US,5504,73
US,3266,52
US,1339,11
US,27694,256
US,2256,59
US,0,532
US,1066,15
US,31975,473
US,2542,54
US,17274,300
US,5250,101
US,1201,16
US,11225,188
US,3520,49
US,10840,248
US,4197,87
US,4142,61
US,5580,55
US,1036,34
US,498,4
US,1929,52
US,1759,50
US,645,14
US,3520,56
US,20130,355
US,3448,37
US,3538,67
US,2742,39
US,4897,45
US,2032,37
US,1841,15
US,3417,53
US,1905,57
US,2463,26
US,6816,107
US,1919,43
US,1564,18
US,1400,28
US,2746,31
US,2100,58
US,6814,100
US,3373,45
US,13894,107
US,1138,25
US,812,12
US,2534,44
US,6578,93
US,2976,51
US,15577,228
US,1638,42
US,2538,48
US,2167,44
US,1633,28
US,837,11
US,1137,12
US,1679,37
US,1540,34
US,2285,53
US,1847,39
US,2664,48
US,2152,77
US,3786,47
US,1254,22
US,1618,26
US,1166,41
US,2042,29
US,2704,45
US,5714,78
US,1973,40
US,17800,100
US,3651,60
US,1375,34
US,2693,73
US,5607,87
US,28680,379
US,1696,51
US,1122,24
US,1906,41
US,2143,25
US,3136,56
US,4997,91
US,6354,84
US,1972,27
US,1618,43
US,1074,36
US,1315,34
US,1389,41
US,6294,113
US,2238,63
US,911,17
US,2448,27
US,1408,31
US,4591,87
US,1093,23
US,73698,716
US,14073,197
US,2068,40
US,668,27
US,1563,23
US,24441,271
US,1742,39
US,5602,76
US,12751,48
US,2614,76
US,786,12
US,15,0
US,1594,37
US,827,21
US,5807,136
US,7634,96
US,3622,55
US,720,24
US,6876,111
US,1854,32
US,2308,37
US,18854,242
US,1067,8
US,2409,45
US,1851,27
US,1089,21
US,2336,24
US,489,7
US,3771,56
US,2407,41
US,1515,40
US,10680,121
US,342,4
US,490,8
US,3586,77
US,424,13
US,318,7
US,1204,31
US,1280,27
US,1154,26
US,247,11
US,5521,124
US,6656,103
US,332,13
US,2808,60
US,1351,27
US,12244,101
US,336,13
US,275,6
US,4467,76
US,1362,28
US,7297,81
US,7020,90
US,3724,55
US,4681,54
US,461,22
US,318,10
US,1202,27
US,825,16
US,150,2
US,958,14
US,269,1
US,895,19
US,4863,80
US,530,8
US,228,10
US,1936,19
US,2544,47
US,391,8
US,76717,912
US,722,12
US,1106,20
US,345,4
US,3467,59
US,164,7
US,10181,121
US,339,5
US,1569,15
US,401,8
US,5365,91
US,1549,27
US,1425,28
US,4327,93
US,661,14
US,4262,59
US,752,17
US,5307,107
US,755,23
US,337,9
US,1874,56
US,2501,49
US,484,17
US,1382,30
US,1944,34
US,399,14
US,700,14
US,0,0
US,1430,15
US,836,26
US,2746,41
US,1183,26
US,405,7
US,11025,163
US,868,14
US,1423,15
US,7920,59
US,772,11
US,498,15
US,1074,33
US,8189,174
US,737,27
US,79517,955
US,4559,46
US,25162,445
US,487,14
US,771,13
US,381,3
US,559,16
US,271,6
US,729,12
US,3156,60
US,1340,22
US,478,8
US,0,0
US,892,18
US,229,4
US,771,15
US,270,6
US,1473,33
US,390,9
US,27678,358
US,3114,70
US,3730,63
US,3292,40
US,657,19
US,7814,133
US,1554,29
US,5736,90
US,19761,181
US,3099,32
US,8188,98
US,5273,79
US,1075,8
US,1964,24
US,2635,30
US,11794,118
US,2295,32
US,2269,46
US,5111,60
US,12126,92
US,618,11
US,1827,26
US,4475,57
US,2563,49
US,10093,125
US,5098,36
US,5069,56
US,1973,32
US,1158,35
US,1095,15
US,16609,259
US,1520,28
US,1300,7
US,2172,12
US,50887,383
US,2087,32
US,6898,109
US,6786,75
US,728,16
US,1207,38
US,2741,45
US,3950,30
US,7113,120
US,4597,84
US,2202,29
US,6196,78
US,1373,17
US,17643,252
US,5276,124
US,3206,35
US,3447,61
US,7864,98
US,2510,24
US,547,19
US,7894,191
US,2547,49
US,117371,1556
US,7932,90
US,3646,46
US,23135,243
US,2363,36
US,7094,52
US,2357,45
US,12677,111
US,2556,38
US,1710,31
US,2122,18
US,3750,65
US,2462,55
US,4230,80
US,1371,41
US,4994,79
US,1925,26
US,15532,145
US,2152,20
US,3824,43
US,4967,76
US,1848,35
US,2489,62
US,9898,167
US,3292,48
US,1440,38
US,3420,35
US,813,21
US,4370,72
US,1868,38
US,2240,59
US,4401,51
US,2822,6
US,5487,87
US,8134,77
US,1132,17
US,4276,78
US,9940,91
US,1335,22
US,970,15
US,1991,16
US,5962,87
US,10393,159
US,2442,21
US,10102,169
US,331,16
US,3114,29
US,3451,26
US,3448,55
US,8126,46
US,6882,104
US,3145,50
US,2809,33
US,5242,79
US,1686,30
US,1999,21
US,1168,14
US,9,0
US,2461,30
US,25278,240
US,2291,44
US,2870,55
US,2438,34
US,8658,82
US,1167,10
US,3325,27
US,10379,249
US,4672,112
US,21640,235
US,3619,57
US,7036,177
US,6026,122
US,2474,95
US,21522,397
US,39076,938
US,34107,602
US,2212,38
US,857,9
US,1775,48
US,1998,63
US,3185,77
US,4701,107
US,63370,1147
US,1587,30
US,4459,142
US,5744,139
US,4646,137
US,3794,77
US,12346,223
US,5782,122
US,2747,63
US,69122,1150
US,4676,124
US,2698,45
US,38387,399
US,17754,306
US,7001,115
US,24327,369
US,2219,52
US,4418,114
US,6540,133
US,46408,985
US,31224,578
US,0,0
US,3803,38
US,3825,83
US,21022,455
US,1397,48
US,4269,77
US,4458,86
US,6852,97
US,8811,124
US,1259,18
US,3442,70
US,6270,168
US,13904,342
US,8331,160
US,8498,217
US,43240,710
US,22581,497
US,516,8
US,19243,329
US,575,0
US,3954,103
US,10090,184
US,6196,159
US,7908,209
US,6492,146
US,4356,72
US,1941,47
US,1508,40
US,2605,58
US,10282,96
US,3630,79
US,21187,223
US,2086,20
US,2560,47
US,9270,100
US,1829,12
US,1718,5
US,0,0
US,4765,74
US,11539,170
US,1240,11
US,1887,12
US,3951,44
US,14,0
US,2268,31
US,1681,20
US,17276,149
US,9497,242
US,51948,755
US,75464,1812
US,60607,1325
US,5519,100
US,3052,45
US,11518,284
US,8485,172
US,14186,250
US,3997,77
US,23693,372
US,2952,77
US,20146,349
US,22354,273
US,1652,55
US,81338,1694
US,98569,1707
US,3767,68
US,3261,52
US,9453,159
US,2759,51
US,0,60
US,18883,377
US,10741,211
US,4902,115
US,17329,514
US,8479,318
US,79570,1853
US,3734,7
US,111055,2494
US,3356,122
US,64426,1643
US,11458,318
US,156101,3900
US,63429,1853
US,58039,1508
US,106168,1908
US,56800,6
US,93367,2384
US,1043,40
US,827,8
US,14151,184
US,2968,69
US,2243,36
US,1671,33
US,1077,45
US,7489,81
US,14201,379
US,1592,38
US,18802,328
US,6260,110
US,18176,345
US,6902,88
US,2376,31
US,2694,63
US,3611,42
US,3550,97
US,9643,105
US,1242,16
US,5549,103
US,3851,80
US,12716,236
US,3258,49
US,321,5
US,50167,1059
US,3116,68
US,1766,53
US,8531,117
US,5427,125
US,5940,118
US,3812,55
US,4658,89
US,30047,444
US,8400,90
US,2817,92
US,1377,55
US,8538,111
US,19777,321
US,28740,443
US,1684,35
US,90013,961
US,235,4
US,911,20
US,11199,238
US,1572,24
US,12433,190
US,22092,229
US,683,5
US,1215,7
US,117842,2643
US,1634,32
US,6815,75
US,2965,45
US,4437,44
US,3211,49
US,27162,153
US,9874,125
US,1792,34
US,19666,295
US,8157,123
US,862,25
US,20478,411
US,6312,79
US,141782,2638
US,3566,69
US,2590,54
US,593,22
US,2836,34
US,903,33
US,3102,51
US,39985,489
US,2303,21
US,1311,36
US,2344,62
US,26323,658
US,4831,132
US,753,5
US,8333,125
US,21672,503
US,8068,117
US,7125,190
US,43,0
US,8936,157
US,32339,321
US,193928,5504
US,3479,51
US,1784,42
US,53010,513
US,5187,62
US,6332,76
US,7363,108
US,787,4
US,9495,59
US,3988,46
US,4386,66
US,13369,54
US,4131,42
US,1858,39
US,8166,62
US,10065,98
US,1333,18
US,242,0
US,1930,27
US,9254,105
US,56158,520
US,2681,9
US,6161,89
US,2146,30
US,2363,12
US,4808,42
US,6036,83
US,766,9
US,151329,1905
US,2290,17
US,2836,44
US,5581,72
US,5969,78
US,1441,14
US,1871,30
US,8191,95
US,595,22
US,1372,19
US,950,24
US,1062,21
US,452,4
US,3783,31
US,752,5
US,4444,56
US,863,12
US,1314,19
US,3165,34
US,5808,68
US,3504,52
US,4035,65
US,5415,65
US,6317,40
US,1313,10
US,4230,51
US,4770,52
US,845,9
US,17821,118
US,7807,104
US,2132,27
US,4199,30
US,1316,27
US,5025,77
US,1532,8
US,62614,972
US,576,9
US,2341,43
US,2242,49
US,9855,131
US,1532,19
US,2589,24
US,21316,159
US,15232,111
US,2045,12
US,23178,352
US,27922,252
US,5724,25
US,1223,11
US,1326,19
US,3893,36
US,500,5
US,528,124
US,2849,5
US,2302,29
US,3226,29
US,33145,327
US,1687,11
US,1002,14
US,6036,53
US,20879,170
US,1511,20
US,4570,119
US,5633,101
US,2039,54
US,3302,89
US,1474,38
US,6266,145
US,2779,45
US,1674,38
US,2967,67
US,1330,26
US,1312,37
US,2906,94
US,3063,75
US,4115,104
US,4451,91
US,4273,94
US,31839,398
US,13412,250
US,1191,28
US,4918,79
US,2155,48
US,3692,108
US,7697,126
US,34102,530
US,31837,622
US,2669,87
US,1290,38
US,193,7
US,4596,104
US,24314,377
US,3282,65
US,942,34
US,1706,42
US,13772,241
US,1412,41
US,8454,138
US,10470,135
US,11937,314
US,2111,40
US,4077,87
US,15427,234
US,4627,143
US,5417,134
US,10934,185
US,14525,279
US,4216,107
US,6386,132
US,6727,174
US,1790,56
US,6606,205
US,3808,79
US,1853,40
US,7111,129
US,6460,131
US,9431,237
US,2047,55
US,5784,152
US,6609,101
US,4641,81
US,1062,27
US,21881,388
US,4709,98
US,640,20
US,4421,116
US,2625,50
US,3584,64
US,4215,104
US,2252,51
US,4546,109
US,4653,81
US,3563,91
US,1586,39
US,0,0
US,5960,94
US,2177,63
US,6642,176
US,7365,156
US,4385,72
US,2016,45
US,1045,39
US,3131,91
US,2326,47
US,4385,86
US,3395,32
US,2728,24
US,655,7
US,3695,64
US,4240,60
US,1769,27
US,2266,42
US,2587,44
US,1728,19
US,24556,135
US,13368,182
US,6597,71
US,1121,20
US,7355,67
US,6259,122
US,12225,153
US,1367,26
US,1068,14
US,14104,158
US,1660,30
US,1021,8
US,12806,157
US,972,12
US,14700,214
US,2816,77
US,12776,170
US,2710,33
US,3567,56
US,864,17
US,2241,41
US,1014,14
US,1456,33
US,1877,39
US,1614,45
US,4276,60
US,14212,214
US,2164,49
US,1277,26
US,42860,661
US,1558,47
US,1100,17
US,3206,49
US,1083,21
US,606,16
US,1395,12
US,5660,73
US,1352,14
US,55098,672
US,22237,346
US,31705,320
US,7035,72
US,62491,814
US,507,3
US,5233,126
US,4564,73
US,5145,104
US,1634,22
US,9097,67
US,1823,26
US,2549,62
US,2167,20
US,2298,24
US,977,18
US,5125,63
US,3531,45
US,435,3
US,3967,76
US,2162,39
US,2558,38
US,1295,12
US,1519,19
US,2597,57
US,3288,55
US,7694,122
US,3329,34
US,1322,11
US,2112,23
US,1097,30
US,2038,42
US,3052,33
US,7252,100
US,6124,178
US,2488,35
US,5858,61
US,5085,50
US,5111,76
US,616,10
US,1521,14
US,3570,36
US,2903,50
US,693,6
US,1898,24
US,4050,46
US,411,9
US,374,4
US,7082,111
US,973,17
US,913,9
US,55244,535
US,1246,14
US,11864,161
US,127734,2525
US,31072,599
US,2360,29
US,4295,67
US,3915,84
US,1177,14
US,8928,151
US,2940,42
US,0,0
US,2974,64
US,4940,44
US,3887,65
US,1561,18
US,5676,87
US,218,2
US,2528,47
US,1382,15
US,2958,81
US,1187,24
US,789,16
US,1275,20
US,177,5
US,14218,217
US,655,8
US,2003,29
US,263,9
US,1498,40
US,1525,24
US,428,4
US,1513,37
US,18435,153
US,19349,73
US,119,3
US,2046,50
US,76,3
US,352,2
US,3068,57
US,1605,10
US,141,1
US,3822,58
US,10234,106
US,250,1
US,3182,52
US,1197,11
US,252,2
US,242,8
US,672,11
US,15183,140
US,528,17
US,2085,27
US,17,1
US,715,23
US,744,4
US,265,9
US,1249,14
US,154,2
US,4812,65
US,1637,18
US,1881,58
US,1598,56
US,1290,18
US,492,7
US,5490,98
US,1056,20
US,526,7
US,787,9
US,945,12
US,81,1
US,0,0
US,1188,24
US,249,12
US,161,7
US,26623,349
US,3837,46
US,676,7
US,24,1
US,53,0
US,38,0
US,688,4
US,1457,8
US,229,3
US,299,2
US,7240,57
US,761,12
US,1053,11
US,3440,16
US,946,11
US,510,5
US,394,7
US,1229,16
US,886,11
US,1739,21
US,1135,15
US,1198,19
US,4610,65
US,1009,12
US,3585,31
US,161,1
US,733,9
US,5730,62
US,85530,718
US,233,4
US,691,8
US,310,4
US,358,1
US,630,5
US,2507,19
US,155,1
US,253,1
US,235,5
US,66,4
US,265,1
US,9696,117
US,1252,17
US,266,0
US,71,0
US,327,5
US,1150,16
US,76,2
US,698,10
US,797,1
US,690,9
US,820,5
US,906,10
US,68,0
US,524,1
US,1033,12
US,41087,170
US,5191,60
US,96,0
US,58,0
US,5548,44
US,50,1
US,1018,15
US,716,7
US,506,10
US,891,15
US,536,11
US,1848,10
US,281,1
US,330,11
US,1283,10
US,760,20
US,5142,50
US,748,9
US,1529,15
US,897,19
US,126,2
US,2386,2
US,27744,131
US,3067,16
US,5502,48
US,2282,32
US,725,10
US,336,4
US,52,0
US,470,11
US,680,4
US,67,1
US,1024,11
US,2212,215
US,458,2
US,2721,25
US,1209,7
US,478,7
US,70,0
US,2303,11
US,8579,149
US,3604,60
US,326538,5835
US,4515,53
US,7870,103
US,58,2
US,153,0
US,2109,25
US,707,14
US,509,5
US,6221,99
US,541,11
US,4286,152
US,1092,26
US,201,4
US,0,0
US,62532,873
US,1150,10
US,5893,122
US,3544,19
US,5454,47
US,3181,52
US,5606,30
US,44381,671
US,12918,131
US,30304,297
US,12807,117
US,3070,33
US,889,1
US,38786,753
US,118458,2974
US,53597,936
US,66883,1419
US,12340,236
US,20569,472
US,105613,3139
US,37610,711
US,96694,2382
US,11768,190
US,38865,1000
US,105057,2446
US,90799,1724
US,57229,1297
US,93062,2322
US,80864,2003
US,7606,200
US,34504,874
US,16803,325
US,616,0
US,79363,2036
US,11850,253
US,73866,1097
US,196,7
US,12405,196
US,3561,139
US,1239,47
US,7233,113
US,229,3
US,29317,530
US,10695,196
US,2308,49
US,602,15
US,42,2
US,556,11
US,13374,264
US,2805,29
US,766,9
US,3877,94
US,14432,502
US,355,11
US,6189,97
US,991,19
US,4646,83
US,2651,68
US,20008,542
US,2524,22
US,15522,269
US,12838,167
US,1016,55
US,1661,62
US,2313,63
US,1354,19
US,4929,0
US,340,12
US,8915,138
US,30319,383
US,4488,95
US,206791,6745
US,23903,401
US,7482,110
US,8513,107
US,12199,171
US,10599,152
US,4594,86
US,6561,38
US,4949,111
US,5237,78
US,3473,44
US,35306,497
US,104904,1934
US,2201,31
US,4128,20
US,6173,102
US,6832,132
US,4319,85
US,430,3
US,6606,123
US,8551,74
US,331299,10834
US,3523,38
US,5605,71
US,6036,101
US,83033,1179
US,5806,137
US,213093,3284
US,167058,4632
US,23621,397
US,28146,581
US,50966,753
US,9183,110
US,56959,909
US,4251,87
US,11272,111
US,4485,54
US,0,309
US,12385,96
US,313827,10273
US,14517,165
US,88293,1930
US,52711,777
US,19884,197
US,16396,226
US,2254,21
US,1486,16
US,2705,63
US,10215,124
US,9833,172
US,237506,3584
US,8325,83
US,4946,71
US,6403,59
US,17120,276
US,144,24
US,5300,81
US,4490,65
US,7944,83
US,143201,2338
US,4309,57
US,1558,26
US,25869,332
US,6353,112
US,1590,6
US,3781,77
US,3381,48
US,2675,32
US,6934,124
US,2434,49
US,5407,94
US,15967,230
US,27486,412
US,15474,213
US,32263,325
US,13023,204
US,1087,8
US,8194,81
US,3138,37
US,27883,409
US,6649,91
US,4613,74
US,2247,40
US,1634,35
US,18044,300
US,9894,221
US,14051,152
US,44099,451
US,2656,25
US,3683,12
US,25347,296
US,6286,70
US,9811,176
US,33963,257
US,7817,124
US,50752,540
US,9701,60
US,39320,595
US,1059,18
US,1311,27
US,7789,99
US,3257,56
US,66455,857
US,7739,134
US,18056,249
US,7258,138
US,14918,195
US,2787,70
US,7003,78
US,822,12
US,28258,314
US,5534,70
US,31817,316
US,1297,29
US,9299,105
US,9369,148
US,14677,107
US,4867,54
US,2718,57
US,3578,67
US,8461,121
US,154718,1211
US,1986,18
US,4438,108
US,13404,245
US,15116,226
US,28341,281
US,2563,62
US,28084,249
US,11600,109
US,1681,24
US,4994,101
US,8709,97
US,1496,15
US,5036,87
US,29209,139
US,2273,44
US,21297,303
US,7012,134
US,24681,422
US,11705,192
US,25869,437
US,11191,302
US,11069,130
US,5636,106
US,11421,179
US,6052,104
US,12044,221
US,1932,22
US,3842,48
US,542,7
US,3,0
US,35655,328
US,6627,98
US,126788,875
US,2322,28
US,1560,37
US,6478,38
US,15619,297
US,10393,174
US,13019,226
US,5890,70
US,2751,29
US,361,4
US,1754,33
US,1263,20
US,89,0
US,938,20
US,546,7
US,294,3
US,21486,223
US,30652,232
US,520,5
US,955,33
US,255,2
US,670,7
US,515,6
US,535,15
US,638,19
US,329,4
US,12614,82
US,305,7
US,362,2
US,455,5
US,351,11
US,654,17
US,317,11
US,840,23
US,445,8
US,2225,20
US,1709,33
US,1664,12
US,7100,107
US,1826,25
US,536,16
US,198,3
US,1140,11
US,741,27
US,2120,33
US,911,19
US,364,14
US,2439,19
US,2751,31
US,588,7
US,150,3
US,847,15
US,41,0
US,7272,60
US,244,2
US,4273,85
US,377,11
US,1239,19
US,0,34
US,2206,29
US,12520,212
US,558,9
US,6564,48
US,282,3
US,4092,87
US,15627,269
US,6761,125
US,9370,197
US,7653,72
US,6633,96
US,9059,197
US,6262,82
US,50803,707
US,2945,59
US,5008,71
US,19513,349
US,27811,321
US,5738,90
US,13587,263
US,4663,82
US,6147,130
US,143941,2412
US,7525,151
US,6043,102
US,23872,162
US,10586,180
US,22081,241
US,4199,60
US,162004,1662
US,5885,96
US,4081,65
US,8766,157
US,21967,311
US,5648,67
US,104030,1409
US,9476,149
US,4071,76
US,1770,42
US,3566,71
US,5858,99
US,3490,78
US,3539,122
US,8172,139
US,4934,70
US,8439,191
US,7539,138
US,26457,434
US,9630,137
US,23361,283
US,5662,92
US,34875,568
US,55296,904
US,5849,76
US,30057,672
US,11742,175
US,21624,305
US,2568,49
US,6057,93
US,15259,296
US,2105,53
US,72796,1240
US,1881,32
US,4482,56
US,14417,174
US,1951,46
US,4766,86
US,2743,45
US,5106,61
US,11246,141
US,4284,62
US,17579,247
US,5623,121
US,5227,108
US,18225,280
US,10397,196
US,7654,145
US,11313,154
US,7166,144
US,6374,111
US,45640,1053
US,60654,1094
US,22357,552
US,12372,298
US,0,5
US,8062,56
US,3615,78
US,1611,24
US,32293,369
US,7995,137
US,13494,263
US,5153,84
US,17122,220
US,3157,61
US,4818,57
US,1290,7
US,2698,30
US,550,6
US,3382,63
US,1477,26
US,8479,103
US,5094,114
US,22572,238
US,8805,158
US,8912,103
US,2701,43
US,306,2
US,42536,540
US,1027,19
US,20807,269
US,951,20
US,2950,29
US,10901,231
US,4902,115
US,7180,139
US,659,16
US,437,6
US,9849,157
US,4659,95
US,7911,156
US,690,7
US,739,23
US,360,6
US,484,8
US,1829,26
US,1658,37
US,3808,67
US,920,18
US,1915,44
US,7044,148
US,2544,44
US,1117,30
US,1451,14
US,7885,77
US,4769,101
US,5975,97
US,1970,26
US,1219,28
US,2681,26
US,6642,105
US,7325,92
US,5603,113
US,2831,80
US,2574,51
US,13176,243
US,1865,28
US,1760,24
US,2273,34
US,117180,1577
US,5767,119
US,6765,117
US,5970,90
US,0,0
US,2590,60
US,11775,100
US,6569,108
US,6701,93
US,11809,173
US,1747,34
US,487,12
US,15443,260
US,3755,92
US,6606,79
US,7364,122
US,3998,37
US,972,21
US,105510,1505
US,4431,0
US,12429,191
US,8310,183
US,1454,25
US,1599,22
US,3681,43
US,1980,28
US,5291,30
US,29094,304
US,2395,29
US,3713,43
US,4896,91
US,2747,45
US,1781,22
US,19577,123
US,11795,240
US,148,4
US,976,12
US,1084,24
US,1883,37
US,22632,300
US,3614,50
US,9233,195
US,7709,110
US,890,11
US,26966,298
US,3106,38
US,12380,120
US,5515,74
US,36055,444
US,1816,23
US,54797,689
US,7153,80
US,146,3
US,1933,28
US,14241,144
US,0,0
US,3131,46
US,670,12
US,2815,40
US,37988,313
US,99,1
US,8517,110
US,12709,211
US,126989,2257
US,8385,187
US,21117,454
US,6481,160
US,56795,1122
US,16487,369
US,7395,112
US,71590,1404
US,24096,485
US,18480,487
US,473,10
US,8497,196
US,20098,241
US,49427,866
US,4482,118
US,10727,188
US,4673,71
US,7479,149
US,10330,181
US,27042,596
US,33580,623
US,60839,1488
US,3912,53
US,27699,466
US,16944,381
US,1566,24
US,21028,432
US,2108,26
US,4583,52
US,6594,152
US,8532,215
US,4640,112
US,2770,114
US,22141,510
US,68976,1281
US,10375,256
US,19963,324
US,47461,922
US,39367,903
US,15481,340
US,4878,82
US,13059,311
US,6898,187
US,19039,353
US,83399,1824
US,2413,70
US,43507,778
US,12167,396
US,5096,116
US,178723,3966
US,5186,59
US,1797,38
US,18360,458
US,4557,98
US,10161,241
US,569,24
US,3483,65
US,4260,125
US,0,0
US,7165,97
US,5934,126
US,3725,117
US,24466,378
US,5459,103
US,43187,869
US,2654,59
US,59671,940
US,584,0
US,2190,0
US,2665,0
US,1449,0
US,883,0
US,1230,0
US,4027,0
US,387,0
US,1018,0
US,1462,0
US,13392,0
US,1537,0
US,7832,0
US,1545,0
US,2632,0
US,11309,0
US,1603,0
US,1654,0
US,530,0
US,910,0
US,1673,0
US,1112,0
US,894,0
US,1930,0
US,51,0
US,2734,0
US,1701,0
US,691,0
US,332,0
US,1086,0
US,487,0
US,5758,0
US,2697,0
US,1659,0
US,586,0
US,2570,0
US,2299,0
US,421,0
US,1477,0
US,2704,0
US,643,0
US,1063,0
US,332,0
US,1942,0
US,1555,0
US,1061,0
US,1854,0
US,131,0
US,443,0
US,3287,0
US,2117,0
US,1700,0
US,1337,0
US,1893,0
US,987,0
US,434,0
US,411,0
US,685,0
US,4850,0
US,1222,0
US,788,0
US,2839,0
US,605,0
US,967,0
US,914,0
US,24473,0
US,2105,0
US,1862,0
US,622,0
US,4865,0
US,5120,0
US,3856,0
US,4110,3205
US,1185,0
US,2399,0
US,3883,0
US,185,0
US,884,0
US,1346,0
US,1020,0
US,0,0
US,5930,149
US,22129,388
US,8560,51
US,112799,2082
US,13241,15
US,13746,175
US,3764,49
US,26575,324
US,1341,21
US,35853,713
US,2125,63
US,3852,82
US,26935,298
US,30720,329
US,1725,51
US,64400,684
US,9843,230
US,6304,106
US,7112,143
US,4993,135
US,5590,188
US,11788,226
US,6334,111
US,33412,365
US,4379,54
US,3240,93
US,26367,527
US,9547,167
US,103291,1373
US,12113,212
US,3065,72
US,61259,851
US,3904,78
US,11801,197
US,15712,221
US,11412,211
US,2497,74
US,53628,691
US,5384,136
US,4775,77
US,1332,30
US,7385,143
US,15221,202
US,14373,324
US,27275,443
US,68074,749
US,2508,54
US,60836,1129
US,15851,290
US,0,0
US,4420,100
US,5612,123
US,46055,493
US,537,16
US,3216,43
US,455,9
US,1616,29
US,5045,38
US,6483,99
US,798,11
US,448,14
US,1773,27
US,159,4
US,1706,26
US,502,5
US,2150,18
US,5386,83
US,659,13
US,1298,15
US,3673,69
US,800,30
US,642,11
US,1744,31
US,508,9
US,582,14
US,940,22
US,395,14
US,1310,43
US,691,30
US,318,11
US,1004,40
US,391,6
US,433,4
US,157,1
US,2843,44
US,1031,28
US,157,1
US,377,16
US,299,17
US,137,1
US,907,18
US,1545,20
US,4223,56
US,10091,78
US,716,11
US,427,6
US,895,25
US,312,7
US,4374,44
US,317,2
US,349,11
US,36752,385
US,763,20
US,2368,52
US,19958,243
US,408,14
US,408,4
US,1509,43
US,376,3
US,1010,27
US,413,3
US,153,3
US,1525,36
US,836,18
US,1308,60
US,0,0
US,2578,44
US,885,18
US,3545,37
US,382,9
US,12734,212
US,9019,154
US,2742,50
US,3455,17
US,23412,259
US,21875,187
US,6993,79
US,2771,40
US,5660,100
US,10374,209
US,6932,67
US,3494,72
US,5333,104
US,1501,36
US,7262,104
US,10403,150
US,3334,62
US,10917,214
US,119839,1130
US,4159,67
US,2400,44
US,10249,160
US,8045,142
US,7220,100
US,3576,64
US,7838,100
US,10566,187
US,5955,114
US,4284,65
US,13339,235
US,2778,37
US,12875,193
US,62765,641
US,1188,20
US,5066,79
US,5489,81
US,10046,164
US,3789,72
US,5673,99
US,5426,85
US,4536,73
US,1816,43
US,3173,45
US,2054,40
US,9786,141
US,3489,47
US,77415,884
US,2004,31
US,5182,61
US,9438,115
US,2499,37
US,6595,80
US,9007,93
US,5419,89
US,17432,304
US,5694,52
US,6783,84
US,19164,223
US,10345,125
US,4554,65
US,2147,28
US,9587,121
US,32477,325
US,1424,21
US,3748,46
US,6551,110
US,29154,132
US,4730,79
US,1585,34
US,1069,24
US,3150,29
US,16527,214
US,6909,91
US,9828,147
US,13937,175
US,61071,525
US,5066,58
US,2942,32
US,19746,258
US,143018,2194
US,4139,50
US,2109,34
US,26265,412
US,33846,404
US,11234,126
US,3137,25
US,21571,117
US,3104,64
US,3029,45
US,1218,27
US,8493,113
US,21354,321
US,4003,39
US,6202,87
US,5551,95
US,39203,266
US,26783,326
US,7952,192
US,2766,53
US,13624,389
US,2582,61
US,1220,19
US,279,7
US,8474,199
US,3432,51
US,999,23
US,2268,51
US,14180,163
US,539,19
US,5280,123
US,38062,675
US,316895,4955
US,1296,28
US,41,2
US,2413,55
US,12586,314
US,58990,803
US,38342,350
US,1077,19
US,216,7
US,1117,47
US,6901,164
US,3238,59
US,7299,114
US,8335,144
US,3886,34
US,1749,53
US,65001,1755
US,1993,63
US,762,24
US,4424,138
US,1293,34
US,8719,56
US,6751,209
US,1540,20
US,1514,23
US,437,18
US,674,16
US,1036,52
US,127260,1075
US,387,11
US,2518,51
US,19070,440
US,2134,62
US,702,10
US,5039,96
US,10658,154
US,226,9
US,855,17
US,778,16
US,989,36
US,386,11
US,1191,29
US,398928,5137
US,2122,76
US,2954,80
US,3363,74
US,597,20
US,105172,969
US,245,12
US,3764,45
US,568,18
US,1943,56
US,2099,76
US,25420,517
US,324,7
US,146940,2843
US,32710,435
US,6223,99
US,2594,43
US,4899,143
US,3577,92
US,411,16
US,1147,37
US,181,10
US,98307,932
US,1303,34
US,2723,66
US,3884,66
US,2120,59
US,63357,680
US,706,22
US,3500,77
US,152,3
US,699,28
US,3529,83
US,3440,75
US,16000,465
US,19096,526
US,5111,101
US,23933,321
US,7782,185
US,538,15
US,1291,29
US,1111,26
US,449,13
US,10288,200
US,569187,8789
US,9064,171
US,840,2
US,595,31
US,32456,385
US,689,3
US,9639,321
US,116517,3409
US,5742,152
US,4173,130
US,9498,189
US,5264,142
US,2828,78
US,5724,129
US,581,14
US,10743,279
US,3546,86
US,186,2
US,888,20
US,2773,50
US,3974,147
US,206,6
US,31406,670
US,898,20
US,7071,173
US,27668,519
US,3162,70
US,3992,54
US,23486,400
US,5033,93
US,60,2
US,122,3
US,6472,126
US,439,11
US,16,0
US,508,8
US,4272,125
US,335,20
US,1201,37
US,8674,199
US,2945,88
US,3491,60
US,3144,93
US,2897,49
US,2434,65
US,12604,331
US,3615,107
US,379,12
US,1758,37
US,2558,71
US,8,0
US,64811,972
US,829,26
US,2453,43
US,1159,49
US,830,23
US,553,7
US,6016,153
US,12660,400
US,913,36
US,41657,692
US,115,7
US,6814,159
US,340,11
US,27763,359
US,3702,79
US,862,26
US,897,38
US,3010,89
US,86884,1015
US,3404,84
US,1635,50
US,153,9
US,7672,220
US,8589,181
US,935,50
US,2439,73
US,66229,1233
US,1481,34
US,336,6
US,13602,275
US,4614,112
US,2931,107
US,23683,290
US,1512,35
US,2207,47
US,5885,189
US,23053,543
US,895,28
US,1500,38
US,23207,339
US,583,10
US,526,18
US,1348,48
US,3457,52
US,1183,31
US,94,1
US,2929,62
US,17272,212
US,1681,53
US,8072,168
US,945,69
US,888,35
US,2802,70
US,6906,274
US,990,27
US,349,9
US,3163,81
US,420,5
US,2910,106
US,293,15
US,36039,748
US,1452,21
US,11507,331
US,1134,35
US,163,5
US,216,6
US,608,11
US,1470,22
US,355999,4526
US,22418,523
US,106,3
US,2062,64
US,118,6
US,5676,101
US,24720,372
US,118150,1387
US,1551,59
US,2426,68
US,0,0
US,5751,128
US,596,13
US,6269,105
US,10521,242
US,7857,200
US,13013,333
US,11559,176
US,6380,74
US,1872,27
US,5681,124
US,56471,888
US,6167,174
US,744,13
US,21447,476
US,2278,61
US,4653,109
US,75034,684
US,7404,127
US,1161,27
US,11026,188
US,6393,215
US,1181,30
US,2811,64
US,2196,44
US,2503,53
US,29406,143
US,13192,107
US,52634,251
US,188954,1120
US,2324,41
US,5559,40
US,39639,377
US,6625,18
US,11269,63
US,7936,64
US,1432,2
US,122111,524
US,5868,28
US,42198,289
US,1409,8
US,2916,26
US,1648,13
US,10679,122
US,457,2
US,2936,47
US,325,2
US,1188,6
US,1185,5
US,2360,13
US,3631,27
US,40,0
US,3306,20
US,2132,23
US,2518,29
US,7045,78
US,3970,74
US,7834,95
US,14019,148
US,2058,65
US,1372,39
US,4252,55
US,2335,36
US,18265,269
US,9884,114
US,452,14
US,9670,144
US,1045,15
US,3703,45
US,2222,47
US,1765,32
US,2309,57
US,2604,37
US,1261,23
US,6967,132
US,3776,49
US,3795,90
US,670,19
US,1239,25
US,5248,59
US,28299,350
US,38728,526
US,1319,22
US,2548,64
US,741,15
US,527,6
US,6296,79
US,702,16
US,6121,180
US,1568,26
US,3054,51
US,863,42
US,1211,17
US,90382,1170
US,643,20
US,540,8
US,6776,83
US,1368,28
US,2542,21
US,5840,98
US,1593,41
US,11285,138
US,3007,25
US,1487,61
US,2187,29
US,3781,72
US,1955,29
US,2014,45
US,2163,32
US,1861,26
US,3786,101
US,14750,236
US,11479,191
US,8128,103
US,33701,703
US,6248,147
US,168,2
US,3632,85
US,4350,83
US,6859,92
US,2533,22
US,1857,24
US,607,8
US,1046,21
US,3605,57
US,1540,34
US,33536,294
US,3098,44
US,1051,19
US,11594,184
US,960,20
US,5018,51
US,1264,12
US,1989,87
US,874,20
US,3320,81
US,931,28
US,11577,100
US,1304,16
US,2310,22
US,20193,288
US,23974,326
US,1135,41
US,1182,30
US,544,13
US,2544,64
US,3563,51
US,3263,73
US,1967,55
US,5158,106
US,7884,105
US,1308,19
US,12376,233
US,2734,27
US,2886,50
US,4858,38
US,54059,549
US,3980,81
US,2856,31
US,559,4
US,1707,12
US,23458,333
US,11520,162
US,11795,231
US,2042,57
US,9147,146
US,3655,58
US,3340,57
US,2991,75
US,6184,154
US,4678,110
US,2360,63
US,14577,144
US,15574,103
US,3322,81
US,10700,224
US,595,10
US,1536,26
US,5551,95
US,0,0
US,48959,526
US,4807,79
US,7355,140
US,3551,44
US,1780,31
US,1125,14
US,3656,53
US,5047,123
US,4347,93
US,5325,73
US,3156,29
US,2688,48
US,30532,360
US,10753,101
US,4532,52
US,39759,461
US,352,8
US,12921,222
US,5861,38
US,752,13
US,19811,178
US,239,7
US,15409,139
US,8301,119
US,3740,44
US,1021,16
US,158435,1924
US,16097,215
US,4813,53
US,1860,18
US,9621,144
US,1316,19
US,5512,65
US,4910,73
US,1755,28
US,1465,20
US,88562,846
US,322,0
US,10334,105
US,715,6
US,62201,732
US,69209,956
US,4753,80
US,19516,216
US,1537,4
US,271,5
US,8568,99
US,15570,152
US,5614,68
US,42233,571
US,2573,43
US,17810,173
US,3392,51
US,2050,15
US,2979,69
US,14423,253
US,872,4
US,1161,17
US,1171,10
US,5888,114
US,1308,9
US,2076,32
US,4730,88
US,3047,47
US,4023,108
US,2312,28
US,10612,136
US,3774,79
US,6613,80
US,23560,449
US,2909,46
US,2660,42
US,5162,130
US,7659,96
US,5167,106
US,3518,51
US,2821,44
US,8389,174
US,4455,108
US,4416,77
US,12405,129
US,2028,25
US,2003,40
US,3433,39
US,5940,102
US,1079,14
US,1372,30
US,1102,18
US,4904,77
US,8419,116
US,10883,166
US,4935,44
US,1418,17
US,1398,17
US,1368,30
US,2110,37
US,1052,20
US,1330,18
US,0,0
US,3804,58
US,5483,70
US,1077,17
US,2435,49
US,806,12
US,12610,228
US,3489,56
US,2684,33
US,1779,16
US,8121,91
US,1582,24
US,44307,315
US,1887,8
US,2135,30
US,8031,59
US,10556,114
US,4663,76
US,7698,78
US,2228,22
US,56611,364
US,15671,223
US,3640,38
US,5794,66
US,6810,45
US,15684,137
US,607,13
US,17546,157
US,1475,31
US,7355,111
US,4432,29
US,2955,30
US,2674,16
US,847,42
US,3268,31
US,11570,148
US,4089,34
US,23489,372
US,3483,41
US,16882,109
US,2048,12
US,3037,54
US,4193,106
US,11220,105
US,20359,259
US,6391,78
US,2196,32
US,929,11
US,148037,1589
US,6191,54
US,6971,76
US,4778,88
US,29517,267
US,12042,114
US,1139,10
US,6119,45
US,6578,79
US,9270,93
US,1735,9
US,31041,444
US,2063,22
US,21837,242
US,2127,33
US,8096,65
US,2423,31
US,6823,90
US,17685,186
US,12463,84
US,2875,44
US,4804,52
US,0,0
US,2781,55
US,2977,53
US,15162,187
US,2117,26
US,21806,219
US,61140,708
US,7938,181
US,3549,50
US,26669,253
US,10243,132
US,6083,31
US,1956,46
US,8322,87
US,2598,36
US,2075,31
US,840,18
US,8244,114
US,2157,34
US,845,8
US,1139,15
US,15134,179
US,2592,18
US,13780,165
US,356,5
US,4798,60
US,1297,24
US,5021,45
US,1308,13
US,7259,75
US,5050,13
US,3711,26
US,0,0
US,1586,29
US,986,8
Uganda,125049,3180
Ukraine,92234,1440
Ukraine,65228,1497
Ukraine,97314,2208
Ukraine,86481,2749
Ukraine,163919,5148
Ukraine,112305,2848
Ukraine,95705,2285
Ukraine,184169,4282
Ukraine,49717,1482
Ukraine,102724,2141
Ukraine,243254,5626
Ukraine,140157,3012
Ukraine,22827,921
Ukraine,40185,1277
Ukraine,162222,4134
Ukraine,77964,2063
Ukraine,167528,3542
Ukraine,87749,2023
Ukraine,90832,1371
Ukraine,33945,1182
Ukraine,91455,1562
Ukraine,82067,1417
Ukraine,78739,1865
Ukraine,70517,1338
Ukraine,65642,1674
Ukraine,124463,2873
Ukraine,101983,2108
United Arab Emirates,738372,2118
United Kingdom,668,1
United Kingdom,5548,95
United Kingdom,2725,37
United Kingdom,1011,2
United Kingdom,12174,100
United Kingdom,7110513,120857
United Kingdom,69,0
United Kingdom,5740,98
United Kingdom,8430,56
United Kingdom,41,1
United Kingdom,256332,2610
United Kingdom,4,0
United Kingdom,602524,8907
United Kingdom,2922,23
United Kingdom,0,0
United Kingdom,392282,6005
Uruguay,390762,6066
Uzbekistan,180162,1283
Vanuatu,4,1
Venezuela,390045,4693
Vietnam,857639,21043
West Bank and Gaza,447032,4556
Yemen,9495,1798
Zambia,209477,3657
Zimbabwe,132285,4655
